Date,High,Low,Open,Close,Volume
06/03/2025,58.2,57.3,58.0,58.0,304000
05/03/2025,58.5,57.5,58.5,58.0,261500
04/03/2025,58.5,57.6,58.5,58.3,443700
03/03/2025,58.9,58.2,58.7,58.5,428400
28/02/2025,58.5,57.9,58.3,58.5,146500
27/02/2025,58.5,57.8,58.4,58.3,186100
26/02/2025,58.4,58.0,58.4,58.4,138000
25/02/2025,58.4,57.9,58.4,58.2,200600
24/02/2025,58.5,58.1,58.5,58.4,158900
21/02/2025,59.0,57.9,58.5,58.3,213500
20/02/2025,58.5,57.9,58.5,58.4,198000
19/02/2025,58.3,58.1,58.3,58.3,175600
18/02/2025,58.8,58.3,58.8,58.5,177000
17/02/2025,58.8,58.5,58.7,58.7,201100
14/02/2025,59.0,58.4,58.8,58.8,295400
13/02/2025,58.8,58.2,58.5,58.8,245800
12/02/2025,59.0,58.4,58.8,58.5,304400
11/02/2025,58.7,58.1,58.7,58.5,237000
10/02/2025,58.7,58.3,58.6,58.6,231300
07/02/2025,59.0,58.3,59.0,58.7,258400
06/02/2025,58.8,58.4,58.8,58.8,243300
05/02/2025,59.1,58.3,58.8,58.8,281700
04/02/2025,59.0,58.6,59.0,59.0,222400
24/01/2025,58.7,58.1,58.6,58.7,220300
23/01/2025,58.8,58.3,58.7,58.5,256100
22/01/2025,59.0,58.2,59.0,58.5,262900
21/01/2025,59.0,58.1,59.0,58.7,340700
20/01/2025,58.9,58.0,58.8,58.7,451200
17/01/2025,58.8,58.3,58.8,58.8,367700
16/01/2025,59.0,58.4,58.9,58.8,350100
15/01/2025,58.7,58.1,58.5,58.7,297500
14/01/2025,59.2,57.6,58.4,58.4,290000
13/01/2025,58.4,57.9,58.3,58.4,410900
10/01/2025,58.8,58.1,58.8,58.1,455700
09/01/2025,58.7,58.1,58.7,58.5,427800
08/01/2025,58.8,58.3,58.8,58.5,431300
07/01/2025,58.8,58.2,58.8,58.7,430500
06/01/2025,59.8,58.1,59.8,58.7,439400
03/01/2025,59.4,58.4,58.9,58.7,426800
02/01/2025,59.0,58.4,59.0,58.9,439800
31/12/2024,59.8,58.4,59.4,58.4,650300
30/12/2024,59.3,58.2,58.2,59.1,584000
27/12/2024,59.2,58.1,59.2,58.8,622000
26/12/2024,59.1,56.5,56.5,58.9,720100
25/12/2024,59.4,58.3,58.9,58.8,753400
24/12/2024,59.5,58.6,58.9,58.6,694400
23/12/2024,59.7,59.0,59.1,59.3,600000
20/12/2024,59.6,58.9,59.2,59.1,735300
19/12/2024,59.9,59.0,59.6,59.2,673800
18/12/2024,60.0,59.0,59.5,59.6,785500
17/12/2024,59.6,58.5,59.1,59.3,834300
16/12/2024,59.0,57.6,58.0,59.0,730900
13/12/2024,57.8,56.1,56.8,57.7,702400
12/12/2024,56.9,54.4,55.0,56.5,758900
11/12/2024,54.9,52.4,52.5,54.9,850300
10/12/2024,53.0,49.95,50.0,52.4,728000
09/12/2024,50.0,49.9,50.0,50.0,560300
06/12/2024,50.1,49.9,50.0,50.0,535700
05/12/2024,50.4,49.65,50.2,50.2,583700
04/12/2024,50.5,49.65,50.5,50.4,661000
03/12/2024,51.0,50.0,51.0,50.5,763000
02/12/2024,51.5,50.7,51.5,51.1,643600
29/11/2024,51.7,51.1,51.3,51.5,655300
28/11/2024,51.8,50.9,50.9,51.3,890800
27/11/2024,51.0,50.1,50.9,50.8,528700
26/11/2024,50.9,50.0,50.9,50.5,634100
25/11/2024,51.4,49.9,50.3,50.4,627400
22/11/2024,50.1,49.6,49.9,50.0,618600
21/11/2024,50.4,49.75,50.3,50.1,586300
20/11/2024,50.1,49.55,50.1,50.1,582400
19/11/2024,50.1,48.9,50.1,50.1,663500
18/11/2024,50.2,48.85,50.1,50.1,759300
15/11/2024,50.3,49.9,50.0,50.2,541200
14/11/2024,50.3,49.95,50.3,50.2,582800
13/11/2024,50.4,49.9,50.2,50.3,586100
12/11/2024,50.5,50.0,50.4,50.3,563100
11/11/2024,50.4,49.95,50.4,50.3,559300
08/11/2024,50.4,49.95,50.4,50.3,549800
07/11/2024,50.5,50.0,50.5,50.3,542900
06/11/2024,51.0,49.9,50.8,50.0,683900
05/11/2024,50.8,49.55,50.2,50.8,696000
04/11/2024,51.0,49.95,50.7,49.95,600200
01/11/2024,50.8,50.3,50.8,50.7,599700
31/10/2024,50.8,50.5,50.8,50.7,624800
30/10/2024,51.1,50.4,50.8,50.6,611300
29/10/2024,51.2,50.6,51.2,50.8,557600
28/10/2024,51.2,50.6,51.2,51.0,585000
25/10/2024,51.6,51.0,51.6,51.2,558300
24/10/2024,51.9,51.0,51.5,51.5,555100
23/10/2024,53.0,51.0,53.0,51.5,634300
22/10/2024,50.9,50.3,50.4,50.9,640200
21/10/2024,50.5,50.1,50.5,50.4,567500
18/10/2024,50.5,50.1,50.5,50.3,580000
17/10/2024,50.5,50.1,50.5,50.3,566100
16/10/2024,50.7,50.3,50.7,50.5,553500
15/10/2024,50.9,50.3,50.6,50.5,563800
14/10/2024,51.2,50.5,51.2,50.6,541700
11/10/2024,51.6,51.0,51.3,51.2,542900
10/10/2024,51.0,50.6,50.9,50.9,596100
09/10/2024,50.9,50.5,50.9,50.8,586300
08/10/2024,51.4,50.6,51.4,50.9,565900
07/10/2024,51.3,50.6,50.9,50.9,533600
04/10/2024,51.2,50.4,50.8,50.8,625300
03/10/2024,51.4,50.6,51.0,51.0,628500
02/10/2024,51.6,50.9,51.3,51.2,559700
01/10/2024,52.0,50.9,51.6,51.6,673800
30/09/2024,52.5,51.0,52.5,51.6,482500
27/09/2024,52.9,50.3,50.3,52.0,530500
26/09/2024,50.5,49.6,50.5,50.3,698700
25/09/2024,51.2,50.1,51.1,50.7,892300
24/09/2024,51.9,49.75,51.9,51.5,868500
23/09/2024,53.8,51.9,53.8,51.9,876800
20/09/2024,54.8,53.2,54.8,53.2,1111100
19/09/2024,54.7,54.1,54.7,54.6,656000
18/09/2024,55.0,54.2,54.9,54.5,766200
17/09/2024,55.0,54.4,55.0,54.8,774500
16/09/2024,55.0,54.4,54.8,54.8,847400
13/09/2024,55.0,54.4,55.0,54.8,568800
12/09/2024,55.1,54.6,55.1,54.8,711000
11/09/2024,55.0,54.4,55.0,54.8,665600
10/09/2024,55.3,54.6,55.3,54.8,721300
09/09/2024,55.2,54.6,55.0,55.1,711400
06/09/2024,55.3,54.7,55.3,55.1,699800
05/09/2024,55.7,54.9,55.3,55.2,739900
04/09/2024,55.4,55.0,55.2,55.3,690700
30/08/2024,55.6,55.0,55.3,55.4,776100
29/08/2024,55.4,55.1,55.1,55.3,723300
28/08/2024,55.5,55.0,55.5,55.3,737700
27/08/2024,55.5,55.0,55.0,55.3,738500
26/08/2024,55.7,55.2,55.5,55.3,815300
23/08/2024,56.0,55.2,55.7,55.5,1034200
22/08/2024,55.9,55.3,55.9,55.6,1007100
21/08/2024,56.4,55.0,55.2,55.6,874200
20/08/2024,55.5,54.5,55.0,55.5,874000
19/08/2024,55.4,54.6,54.6,54.9,754300
16/08/2024,55.4,54.0,54.8,55.4,762500
15/08/2024,55.2,54.2,55.2,54.5,842500
14/08/2024,55.4,54.2,54.9,55.2,868900
13/08/2024,55.2,54.3,55.2,55.1,822500
12/08/2024,55.5,54.6,55.5,55.3,787400
09/08/2024,55.5,54.1,54.9,55.5,795100
08/08/2024,55.3,54.1,55.3,55.0,789300
07/08/2024,56.2,55.1,56.2,55.3,814900
06/08/2024,56.4,55.5,56.4,56.4,827300
05/08/2024,57.6,56.4,57.5,56.6,754400
02/08/2024,58.0,56.9,58.0,57.7,826400
01/08/2024,58.3,57.4,58.3,58.1,742300
31/07/2024,58.5,57.5,58.3,58.3,719100
30/07/2024,58.7,58.3,58.7,58.3,707500
29/07/2024,59.0,58.0,58.6,58.3,765000
26/07/2024,58.0,55.7,56.2,58.0,719800
25/07/2024,56.3,55.9,56.3,56.2,628300
24/07/2024,56.4,55.9,56.3,56.3,641000
23/07/2024,56.5,55.7,56.4,56.4,772000
22/07/2024,56.5,56.1,56.5,56.5,735600
19/07/2024,56.6,56.3,56.4,56.5,720400
18/07/2024,56.6,56.0,56.5,56.6,725500
17/07/2024,56.7,56.1,56.6,56.3,758400
16/07/2024,56.7,56.2,56.6,56.7,783200
15/07/2024,56.9,56.2,56.9,56.7,721300
12/07/2024,56.9,55.9,56.7,56.8,719700
11/07/2024,57.1,56.1,57.1,56.8,711300
10/07/2024,57.3,56.4,57.2,56.9,797000
09/07/2024,57.1,56.4,56.7,57.1,725400
08/07/2024,57.3,56.4,57.3,56.4,778500
05/07/2024,57.1,56.5,57.1,57.0,736900
04/07/2024,57.5,56.7,57.5,56.7,822900
03/07/2024,57.6,56.7,57.5,57.1,791900
02/07/2024,57.0,55.1,55.9,57.0,801800
01/07/2024,55.5,54.1,55.0,55.5,691100
28/06/2024,55.9,54.3,55.9,55.0,500500
27/06/2024,57.4,55.0,57.2,55.0,632300
26/06/2024,57.9,56.8,57.9,57.3,714200
25/06/2024,58.0,57.3,57.6,57.9,756800
24/06/2024,59.4,54.8,58.4,58.0,1224400
21/06/2024,59.7,57.8,58.6,58.4,1057000
20/06/2024,58.6,57.6,58.3,58.4,778300
19/06/2024,59.8,58.2,59.8,58.4,841000
18/06/2024,60.3,59.3,59.8,59.6,788600
17/06/2024,60.9,59.5,60.9,60.0,884100
14/06/2024,62.1,60.1,62.1,60.9,1006800
13/06/2024,64.3,61.8,64.3,62.2,977900
12/06/2024,65.7,65.0,65.0,65.4,833200
11/06/2024,65.6,64.8,65.3,65.0,938300
10/06/2024,66.2,65.0,65.9,65.3,1076300
07/06/2024,65.8,65.0,65.6,65.7,906500
06/06/2024,66.0,65.2,66.0,65.6,915200
05/06/2024,66.0,65.4,65.5,66.0,888800
04/06/2024,65.7,64.6,65.7,65.4,836900
03/06/2024,65.7,64.9,65.7,65.3,871200
31/05/2024,65.5,65.0,65.5,65.0,830700
30/05/2024,65.5,64.9,65.5,65.3,819700
29/05/2024,65.7,64.6,65.5,65.3,878200
28/05/2024,66.1,64.7,65.2,65.3,829600
27/05/2024,65.3,64.7,65.1,65.2,835300
24/05/2024,65.5,64.4,65.5,65.2,773200
23/05/2024,65.5,64.7,64.8,65.4,803000
22/05/2024,65.8,64.5,65.8,64.9,890600
21/05/2024,65.5,64.3,65.5,65.1,907700
20/05/2024,65.4,64.4,65.4,65.2,826400
17/05/2024,65.0,64.4,64.8,65.0,853000
16/05/2024,65.2,64.3,64.5,64.8,844400
15/05/2024,64.6,64.0,64.5,64.6,881600
14/05/2024,64.7,64.2,64.5,64.5,852300
13/05/2024,64.8,64.3,64.8,64.5,836800
10/05/2024,65.0,64.0,64.4,64.5,834900
09/05/2024,65.7,64.0,64.0,64.2,855100
08/05/2024,64.0,63.1,63.5,63.8,822900
07/05/2024,63.5,62.8,63.4,63.5,825400
06/05/2024,63.2,62.8,63.2,63.2,750800
03/05/2024,63.0,62.5,62.9,63.0,753800
02/05/2024,62.8,62.0,62.8,62.6,728000
26/04/2024,62.4,61.9,62.2,62.4,750700
25/04/2024,62.2,61.6,62.0,62.2,735900
24/04/2024,62.0,61.6,62.0,62.0,751200
23/04/2024,62.2,61.3,62.2,61.9,728500
22/04/2024,62.4,62.0,62.2,62.2,722900
19/04/2024,62.4,61.6,62.4,62.2,749900
17/04/2024,62.6,61.5,62.3,62.4,766100
16/04/2024,62.6,61.5,62.5,62.6,729200
15/04/2024,63.0,62.2,62.9,62.6,787200
12/04/2024,63.0,62.2,62.9,62.9,708400
11/04/2024,62.9,62.1,62.8,62.9,756600
10/04/2024,63.0,62.0,62.7,62.9,766100
09/04/2024,62.7,62.0,62.3,62.7,730900
08/04/2024,62.9,61.5,61.7,62.5,770100
05/04/2024,61.8,61.2,61.6,61.5,755900
04/04/2024,62.0,61.3,61.3,61.9,750100
03/04/2024,62.4,61.1,62.4,62.0,812200
02/04/2024,62.3,61.4,62.2,62.3,727700
01/04/2024,62.4,61.3,62.4,62.4,820600
29/03/2024,62.7,61.2,62.7,62.5,728800
28/03/2024,62.9,61.9,62.6,62.6,689200
27/03/2024,62.7,61.8,62.7,62.6,756400
26/03/2024,62.8,62.1,62.8,62.6,755400
25/03/2024,63.2,58.6,63.0,62.7,800300
22/03/2024,63.3,62.4,63.3,63.0,792500
21/03/2024,63.4,62.8,63.4,63.2,724000
20/03/2024,63.5,62.7,63.5,63.2,750900
19/03/2024,63.5,62.7,62.9,63.2,845700
18/03/2024,63.3,61.1,63.3,63.2,734100
15/03/2024,63.5,62.2,63.0,63.5,1150500
14/03/2024,63.5,62.2,63.5,63.2,805100
13/03/2024,63.8,62.3,63.5,63.3,712700
12/03/2024,63.5,63.0,63.5,63.5,738300
11/03/2024,63.8,63.1,63.2,63.5,802300
08/03/2024,67.9,63.4,63.5,63.5,919500
07/03/2024,63.5,62.8,63.4,63.5,797500
06/03/2024,63.5,63.2,63.4,63.5,460700
05/03/2024,63.5,62.9,63.4,63.5,789100
04/03/2024,63.5,63.2,63.3,63.5,760600
01/03/2024,63.4,62.8,63.4,63.4,684900
29/02/2024,63.3,62.8,63.3,63.2,736400
28/02/2024,63.5,63.2,63.4,63.4,638900
27/02/2024,63.4,62.6,63.4,63.4,737300
26/02/2024,63.8,62.9,63.1,63.2,720400
23/02/2024,63.9,63.0,63.5,63.3,833000
22/02/2024,64.0,62.7,63.1,63.0,817700
21/02/2024,63.1,62.7,63.1,62.9,841400
20/02/2024,63.2,62.6,63.1,62.9,775800
19/02/2024,62.9,62.1,62.3,62.9,806200
16/02/2024,62.4,61.9,62.2,62.3,729500
15/02/2024,62.2,61.6,62.2,62.2,858200
07/02/2024,62.0,61.5,61.6,62.0,735000
06/02/2024,61.9,61.5,61.7,61.9,729300
05/02/2024,61.8,61.1,61.4,61.7,752000
02/02/2024,61.7,60.9,61.7,61.4,751300
01/02/2024,61.6,61.1,61.6,61.5,758000
31/01/2024,61.5,61.0,61.2,61.2,780700
30/01/2024,61.9,61.5,61.9,61.6,763500
29/01/2024,62.1,61.4,62.1,61.8,743500
26/01/2024,62.0,61.6,61.9,62.0,722800
25/01/2024,62.0,61.6,61.9,61.8,712400
24/01/2024,62.2,61.6,62.0,62.0,728400
23/01/2024,62.4,61.4,61.9,62.0,754300
22/01/2024,62.5,61.7,62.2,62.0,744100
19/01/2024,62.5,61.7,62.0,62.2,808300
18/01/2024,62.1,61.5,61.6,62.0,748600
17/01/2024,62.0,61.6,62.0,62.0,728300
16/01/2024,62.0,61.3,61.7,61.9,741000
15/01/2024,62.8,61.4,61.8,61.7,727100
12/01/2024,61.9,61.3,61.8,61.6,777700
11/01/2024,62.3,61.6,62.3,61.8,721300
10/01/2024,63.0,62.7,63.0,63.0,743000
09/01/2024,63.1,62.8,63.1,63.0,695600
08/01/2024,63.4,62.8,63.0,63.0,793400
05/01/2024,63.2,62.8,63.0,63.0,726100
04/01/2024,63.2,62.7,63.2,63.0,762300
03/01/2024,63.5,62.7,62.8,63.0,928100
02/01/2024,64.4,62.8,63.9,63.0,794800
29/12/2023,63.0,62.8,62.9,63.0,752300
28/12/2023,64.0,62.8,63.4,63.0,761100
27/12/2023,63.7,62.7,63.4,63.0,808700
26/12/2023,63.4,62.5,62.9,63.4,845000
25/12/2023,63.5,62.5,63.0,63.0,748100
22/12/2023,63.0,62.3,63.0,63.0,753500
21/12/2023,63.0,62.3,62.9,63.0,941400
20/12/2023,62.9,62.3,62.9,62.9,1014600
19/12/2023,63.0,62.5,62.6,62.9,915300
18/12/2023,62.9,62.0,62.8,62.7,991800
15/12/2023,63.0,62.0,63.0,62.0,1110400
14/12/2023,63.0,62.1,62.9,62.8,741700
13/12/2023,63.0,61.7,62.9,62.6,749700
12/12/2023,63.3,62.3,63.0,62.7,889200
11/12/2023,63.4,62.8,63.2,63.0,967700
08/12/2023,63.2,62.2,62.4,63.2,752700
07/12/2023,62.5,61.3,61.9,62.4,772600
06/12/2023,62.0,61.1,61.8,61.8,767700
05/12/2023,62.5,60.4,62.0,62.0,1030200
04/12/2023,63.0,60.8,63.0,62.4,1000800
01/12/2023,63.0,59.9,60.2,63.0,891000
30/11/2023,63.6,59.9,63.6,59.9,1177200
29/11/2023,63.7,63.1,63.4,63.5,740100
28/11/2023,63.3,63.0,63.2,63.3,806800
27/11/2023,63.3,62.7,63.3,63.2,778300
24/11/2023,63.6,63.0,63.4,63.0,719600
23/11/2023,63.5,62.8,63.5,63.4,778600
22/11/2023,63.4,62.5,63.0,63.1,826000
21/11/2023,63.7,62.9,63.7,63.0,704900
20/11/2023,63.5,63.0,63.5,63.5,735700
17/11/2023,63.5,62.8,63.5,63.4,778900
16/11/2023,63.3,62.8,63.1,63.1,783700
15/11/2023,63.5,62.6,63.4,63.0,839200
14/11/2023,63.4,62.8,63.4,63.3,737700
13/11/2023,63.9,62.4,62.4,63.3,795000
10/11/2023,64.3,62.7,63.3,63.0,896000
09/11/2023,63.8,63.0,63.6,63.0,872100
08/11/2023,63.5,63.0,63.2,63.2,970900
07/11/2023,63.4,62.7,63.4,63.1,899000
06/11/2023,64.0,63.0,63.6,63.0,938700
03/11/2023,63.9,63.0,63.9,63.0,949200
02/11/2023,64.4,63.3,64.3,63.5,1055500
01/11/2023,64.0,63.3,64.0,63.5,750000
31/10/2023,64.2,63.3,64.2,63.5,749900
30/10/2023,64.1,63.6,64.0,63.9,696400
27/10/2023,64.0,63.0,64.0,63.3,665000
26/10/2023,63.8,62.4,63.8,63.5,644700
25/10/2023,64.9,63.3,64.4,63.5,736600
24/10/2023,64.9,63.7,64.8,64.0,748000
23/10/2023,64.9,60.1,64.9,64.5,799800
20/10/2023,64.9,63.4,64.9,64.5,688100
19/10/2023,64.5,63.0,64.0,63.5,787000
18/10/2023,63.2,62.6,63.2,63.0,1016300
17/10/2023,63.9,63.0,63.8,63.0,1018200
16/10/2023,63.6,63.1,63.6,63.4,1170000
13/10/2023,64.5,63.4,63.6,63.4,886700
12/10/2023,63.8,63.3,63.8,63.5,883200
11/10/2023,63.8,63.4,63.7,63.5,1063200
10/10/2023,64.0,63.5,64.0,63.5,928500
09/10/2023,64.5,63.2,64.5,63.9,1061400
06/10/2023,64.1,63.2,63.9,63.5,800500
05/10/2023,64.1,63.3,64.1,63.9,687300
04/10/2023,64.1,63.9,64.0,64.0,596900
03/10/2023,64.2,63.9,64.2,64.1,782500
02/10/2023,64.5,63.8,64.5,64.2,737600
29/09/2023,64.5,63.9,64.5,64.2,594300
28/09/2023,64.4,62.3,64.3,64.4,812700
27/09/2023,64.4,63.1,64.2,64.4,839600
26/09/2023,64.5,63.5,64.5,64.4,788200
25/09/2023,64.9,63.8,64.9,64.4,849100
22/09/2023,64.9,63.8,64.7,64.5,642100
21/09/2023,65.0,64.5,64.9,64.7,901400
20/09/2023,65.0,64.5,65.0,64.8,882100
19/09/2023,65.0,64.3,64.9,64.8,1134400
18/09/2023,65.3,64.6,65.3,64.9,844400
15/09/2023,65.0,64.1,65.0,64.9,1310900
14/09/2023,65.5,64.4,65.0,64.9,825000
13/09/2023,65.5,64.5,65.4,65.0,1107700
12/09/2023,65.8,64.8,65.7,65.5,1032000
11/09/2023,66.5,65.0,65.4,65.7,1044400
08/09/2023,65.3,64.5,65.3,65.0,888200
07/09/2023,65.2,64.3,65.2,64.9,986600
06/09/2023,65.9,64.6,65.8,65.0,987400
05/09/2023,67.2,65.0,67.2,65.0,1035500
31/08/2023,66.9,64.4,65.4,66.9,1227500
30/08/2023,65.8,64.4,65.8,64.7,980600
29/08/2023,66.9,64.0,64.7,64.7,1108200
28/08/2023,64.8,63.5,64.2,64.6,1239400
25/08/2023,63.9,62.9,63.7,63.7,1055400
24/08/2023,64.2,63.0,63.6,63.5,1014000
23/08/2023,63.9,62.8,63.8,63.3,1119600
22/08/2023,65.0,62.0,62.0,63.0,1058200
21/08/2023,63.0,60.2,62.0,62.7,1057800
18/08/2023,63.4,59.5,63.4,62.7,962100
17/08/2023,63.7,62.3,63.6,63.0,808500
16/08/2023,63.5,62.1,63.5,63.5,831500
15/08/2023,64.7,63.3,63.5,63.3,991700
14/08/2023,65.2,63.3,65.2,64.2,1243400
11/08/2023,65.3,64.1,65.3,64.5,965300
10/08/2023,65.8,64.4,65.7,65.1,993500
09/08/2023,65.5,64.1,64.1,65.5,1090500
08/08/2023,65.6,64.7,65.5,65.3,984500
07/08/2023,65.0,64.3,64.6,65.0,1073400
04/08/2023,64.5,63.7,64.5,64.4,858200
03/08/2023,64.8,64.1,64.8,64.4,893000
02/08/2023,64.9,64.0,64.9,64.7,936500
01/08/2023,65.3,64.0,65.1,64.7,1107500
31/07/2023,65.1,63.8,63.9,65.0,913000
28/07/2023,64.0,63.3,63.9,64.0,869900
27/07/2023,64.0,63.3,64.0,64.0,1134700
26/07/2023,64.2,63.3,64.2,64.0,1052500
25/07/2023,65.0,63.4,64.9,64.2,940200
24/07/2023,65.4,63.5,65.3,64.5,1134400
21/07/2023,64.8,64.0,64.8,64.5,920600
20/07/2023,64.0,63.5,63.6,64.0,1185900
19/07/2023,63.5,62.3,62.5,63.5,1151000
18/07/2023,62.6,62.1,62.4,62.5,1050200
17/07/2023,62.6,62.0,62.6,62.5,936700
14/07/2023,62.8,61.9,62.8,62.6,1106100
13/07/2023,62.7,61.9,62.4,62.7,976900
12/07/2023,62.6,61.7,62.6,62.3,1181500
11/07/2023,62.6,62.1,62.4,62.6,1133400
10/07/2023,62.7,62.0,62.7,62.6,1093900
07/07/2023,63.0,62.0,62.5,62.6,865600
06/07/2023,62.8,62.0,62.8,62.5,801500
05/07/2023,62.8,62.0,62.7,62.6,773100
04/07/2023,62.6,62.0,62.6,62.6,806400
03/07/2023,62.6,61.9,62.6,62.6,855400
30/06/2023,62.9,61.9,62.9,62.6,769300
29/06/2023,62.9,62.0,62.9,62.8,776600
28/06/2023,63.1,62.5,63.0,62.9,840300
27/06/2023,63.1,62.5,62.9,63.1,778200
26/06/2023,63.5,62.3,63.3,63.0,812200
23/06/2023,63.8,62.8,63.8,63.5,804400
22/06/2023,64.0,62.5,64.0,63.8,841900
21/06/2023,64.4,62.6,64.3,63.9,1059400
20/06/2023,64.4,63.1,64.3,64.1,961200
19/06/2023,64.6,63.8,64.6,64.4,996600
16/06/2023,64.7,63.2,64.6,64.5,1078200
15/06/2023,64.7,63.7,64.7,64.6,1030200
14/06/2023,65.2,64.2,65.2,64.7,951900
13/06/2023,65.0,64.5,64.9,64.9,948400
12/06/2023,65.1,64.4,64.8,64.9,1003500
09/06/2023,64.9,64.1,64.9,64.8,796600
08/06/2023,64.9,64.3,64.8,64.8,958600
07/06/2023,64.9,64.2,64.8,64.8,1102900
06/06/2023,65.0,64.2,65.0,64.8,1255000
05/06/2023,65.4,63.8,64.1,64.5,1445200
02/06/2023,64.1,63.5,64.0,64.1,1129500
01/06/2023,64.1,63.4,64.0,64.0,1083000
31/05/2023,64.3,63.8,63.9,64.0,1085800
30/05/2023,63.9,63.2,63.9,63.9,1050800
29/05/2023,64.2,63.5,64.2,64.0,1069900
26/05/2023,64.1,63.2,64.1,64.1,889700
25/05/2023,64.4,63.3,64.3,64.1,867900
24/05/2023,64.7,63.4,64.5,64.2,860800
23/05/2023,64.8,63.2,64.5,64.4,912100
22/05/2023,65.0,63.8,64.4,64.5,867300
19/05/2023,65.0,64.2,64.8,64.7,825900
18/05/2023,64.9,64.5,64.8,64.8,886000
17/05/2023,65.2,64.3,65.2,64.8,958500
16/05/2023,65.2,64.3,65.0,64.9,1077000
15/05/2023,65.3,64.5,65.1,64.9,865800
12/05/2023,64.9,64.3,64.8,64.7,843600
11/05/2023,64.8,64.0,64.6,64.8,902300
10/05/2023,64.9,64.1,64.8,64.6,1049000
09/05/2023,65.1,63.7,65.0,64.8,851700
08/05/2023,65.2,63.9,65.0,64.8,887000
05/05/2023,65.1,63.6,64.8,64.5,880500
04/05/2023,65.2,62.5,65.0,64.3,875000
28/04/2023,64.0,63.5,64.0,63.9,952800
27/04/2023,64.3,62.9,63.9,63.5,1111500
26/04/2023,63.5,62.2,63.2,63.5,991100
25/04/2023,63.7,62.4,63.6,63.0,876000
24/04/2023,64.0,62.3,63.9,63.0,839500
21/04/2023,63.9,61.5,63.8,63.0,928600
20/04/2023,64.2,62.1,64.0,62.5,1104100
19/04/2023,62.4,61.9,62.2,62.1,1011600
18/04/2023,62.3,61.6,62.2,62.1,1038000
17/04/2023,62.6,61.9,62.4,62.1,811300
14/04/2023,62.3,61.2,61.6,62.0,915700
13/04/2023,61.8,61.1,61.5,61.5,856700
12/04/2023,61.5,60.9,61.5,61.3,890800
11/04/2023,61.7,60.7,61.5,61.3,918700
10/04/2023,61.5,60.7,60.8,61.2,1128800
07/04/2023,62.5,60.2,60.8,60.6,1030200
06/04/2023,61.0,60.1,60.8,60.5,931000
05/04/2023,61.1,60.0,61.0,60.4,1080200
04/04/2023,60.9,60.3,60.8,60.9,1078200
03/04/2023,61.0,60.3,60.9,60.9,1157100
31/03/2023,61.1,60.6,60.9,60.9,1111000
30/03/2023,60.9,60.0,60.9,60.9,1233000
29/03/2023,61.4,60.3,61.0,60.9,1359400
28/03/2023,60.7,59.8,60.0,60.6,1575000
27/03/2023,60.0,59.1,59.8,59.9,1493000
24/03/2023,60.2,58.8,59.0,59.4,1385600
23/03/2023,58.9,53.8,53.8,58.9,2314000
22/03/2023,55.7,54.0,54.9,55.7,4201600
21/03/2023,55.8,53.0,54.2,54.9,2113700
20/03/2023,55.7,52.8,54.0,53.9,1751500
17/03/2023,55.9,52.9,54.9,52.9,3139700
16/03/2023,56.3,54.9,56.1,55.3,1508800
15/03/2023,56.9,55.3,56.9,56.1,1124500
14/03/2023,56.3,54.9,55.2,55.9,2377700
13/03/2023,55.2,53.5,53.8,54.9,2041100
10/03/2023,53.9,53.1,53.9,53.9,1002300
09/03/2023,54.2,53.5,54.0,53.9,974800
08/03/2023,54.5,53.5,54.5,54.1,1503000
07/03/2023,55.1,54.0,54.9,54.7,1495500
06/03/2023,55.8,54.2,55.3,55.0,1493800
03/03/2023,56.4,54.7,55.9,55.3,1272800
02/03/2023,56.5,55.1,56.0,55.9,1434600
01/03/2023,56.4,54.7,55.4,56.0,1202000
28/02/2023,56.8,54.9,54.9,55.4,1240000
27/02/2023,56.0,53.3,56.0,55.0,827000
24/02/2023,56.9,55.1,56.8,55.8,787600
23/02/2023,57.7,55.8,57.5,56.9,863300
22/02/2023,58.3,56.3,56.5,57.5,1168700
21/02/2023,60.0,57.8,58.7,58.2,1387900
20/02/2023,59.0,57.9,58.8,58.8,1003700
17/02/2023,59.8,58.1,59.0,58.8,1309400
16/02/2023,60.1,58.5,60.0,59.8,1109200
15/02/2023,61.1,59.3,60.2,60.1,1465100
14/02/2023,61.9,59.6,61.5,61.0,1370800
13/02/2023,61.7,59.2,61.7,61.6,1214300
10/02/2023,61.8,58.5,58.7,61.8,1171500
09/02/2023,59.6,58.0,59.6,58.8,836900
08/02/2023,59.7,58.3,59.2,59.6,819700
07/02/2023,60.3,58.3,60.1,59.6,1053400
06/02/2023,60.2,58.8,60.1,60.0,822900
03/02/2023,60.6,58.8,60.0,59.8,799800
02/02/2023,61.1,58.9,61.1,60.1,881900
01/02/2023,61.8,60.0,61.8,61.3,884200
31/01/2023,62.0,60.5,61.8,61.8,825900
30/01/2023,62.7,61.3,62.7,62.0,802100
27/01/2023,63.0,61.5,62.8,62.5,846400
19/01/2023,62.8,61.8,62.2,62.8,827400
18/01/2023,62.1,61.6,62.0,62.1,867600
17/01/2023,62.0,60.8,62.0,61.9,1030100
16/01/2023,62.3,60.5,62.3,61.0,1097700
13/01/2023,62.3,61.7,62.3,62.0,753000
12/01/2023,63.5,61.3,63.5,62.0,837600
11/01/2023,63.0,61.3,62.5,62.0,983800
10/01/2023,64.0,61.7,64.0,62.0,1018000
09/01/2023,64.9,64.0,64.9,64.0,1041700
06/01/2023,64.9,63.7,64.0,64.5,838700
05/01/2023,65.0,64.5,65.0,64.5,797600
04/01/2023,65.5,64.7,64.9,65.0,1022500
03/01/2023,65.5,64.1,65.5,65.0,1092200
30/12/2022,66.5,64.6,65.0,65.0,1206700
29/12/2022,66.8,64.8,66.3,65.0,1156300
28/12/2022,65.0,62.2,62.7,65.0,1243800
27/12/2022,62.6,61.7,62.5,62.5,997700
26/12/2022,62.7,61.9,62.7,62.3,843800
23/12/2022,62.5,61.6,62.3,62.5,756600
22/12/2022,62.7,61.1,62.6,62.3,886000
21/12/2022,62.9,61.0,62.8,62.0,854000
20/12/2022,62.0,60.7,61.7,62.0,820000
19/12/2022,62.8,61.1,62.8,61.8,1000700
16/12/2022,62.6,61.4,62.0,62.0,1220900
15/12/2022,61.6,61.3,61.5,61.5,818000
14/12/2022,62.9,61.3,62.9,61.5,1040800
13/12/2022,63.8,62.2,62.5,62.2,871000
12/12/2022,65.0,61.3,61.5,62.5,1080100
09/12/2022,61.5,61.1,61.4,61.5,888600
08/12/2022,61.7,61.2,61.4,61.7,919700
07/12/2022,61.9,61.3,61.5,61.5,911600
06/12/2022,62.3,61.0,61.3,61.5,855800
05/12/2022,63.0,61.3,62.8,61.6,835800
02/12/2022,62.3,61.2,61.9,61.5,844600
01/12/2022,62.9,60.8,62.9,61.5,854700
30/11/2022,61.6,61.2,61.5,61.5,889500
29/11/2022,61.6,61.0,61.5,61.5,833000
28/11/2022,61.8,61.2,61.8,61.5,956200
25/11/2022,61.8,60.8,61.5,61.5,791100
24/11/2022,62.0,60.8,62.0,61.2,818000
23/11/2022,61.8,61.0,61.8,61.3,822000
22/11/2022,61.0,59.3,59.8,61.0,781600
21/11/2022,59.0,56.9,58.8,59.0,918400
18/11/2022,60.0,56.1,58.5,58.7,782200
17/11/2022,60.3,58.9,59.5,59.5,532000
16/11/2022,60.3,58.9,60.0,60.3,703600
15/11/2022,60.3,59.0,60.1,60.1,595700
14/11/2022,61.3,59.7,60.6,60.1,740400
11/11/2022,62.0,61.0,61.0,61.3,856000
10/11/2022,62.9,59.8,62.0,60.0,938000
09/11/2022,62.0,59.7,61.2,62.0,1182200
08/11/2022,61.5,60.7,61.5,61.0,1088000
07/11/2022,62.0,61.3,62.0,61.5,1047000
04/11/2022,62.0,61.3,62.0,61.8,914000
03/11/2022,62.5,61.4,62.5,62.0,1020500
02/11/2022,61.9,61.1,61.9,61.5,1068100
01/11/2022,62.0,61.0,62.0,61.5,1020700
31/10/2022,61.8,61.1,61.8,61.5,852200
28/10/2022,62.1,61.3,61.6,61.7,899800
27/10/2022,63.0,59.8,61.9,61.6,973200
26/10/2022,62.9,61.9,62.8,62.4,824300
25/10/2022,62.0,61.4,62.0,62.0,838900
24/10/2022,62.3,59.1,62.0,61.7,916600
21/10/2022,62.0,61.2,61.9,61.9,897300
20/10/2022,62.0,61.0,61.8,61.5,903000
19/10/2022,62.0,61.0,61.9,61.5,816000
18/10/2022,63.0,60.8,63.0,61.8,966800
17/10/2022,63.6,61.8,63.6,62.0,898500
14/10/2022,64.0,62.2,62.4,63.1,931800
13/10/2022,62.1,59.5,62.1,61.8,600700
12/10/2022,63.0,58.2,62.5,61.5,1009800
11/10/2022,63.5,62.0,63.2,62.5,734600
10/10/2022,63.8,62.3,63.8,63.0,874300
07/10/2022,64.1,63.0,64.1,63.8,784400
06/10/2022,65.0,63.2,64.8,64.3,1031600
05/10/2022,65.0,63.0,63.0,65.0,970900
04/10/2022,63.1,59.5,59.5,62.3,938300
03/10/2022,62.6,61.9,62.5,62.3,866900
30/09/2022,62.7,61.9,62.7,62.5,839400
29/09/2022,63.5,62.0,63.4,62.9,991200
28/09/2022,63.5,62.0,63.5,63.2,855200
27/09/2022,63.6,62.5,63.5,63.5,837100
26/09/2022,64.0,62.1,63.6,63.5,857800
23/09/2022,63.8,62.2,63.8,63.8,912200
22/09/2022,64.0,60.9,64.0,63.7,921700
21/09/2022,65.0,63.0,64.7,64.3,895200
20/09/2022,65.0,63.9,64.4,65.0,851000
19/09/2022,65.0,63.4,65.0,64.5,1095000
16/09/2022,65.4,64.2,65.4,64.9,1305900
15/09/2022,66.0,64.8,65.9,65.4,1142900
14/09/2022,66.4,65.2,66.2,66.0,1253600
13/09/2022,67.2,66.0,67.1,66.6,1099900
12/09/2022,67.2,66.5,67.2,66.9,1194300
09/09/2022,67.6,66.5,67.6,67.0,1287500
08/09/2022,67.0,66.6,67.0,67.0,1371800
07/09/2022,67.0,66.5,66.9,67.0,873700
06/09/2022,67.0,66.5,67.0,67.0,1304900
05/09/2022,67.4,65.9,67.1,67.0,1046600
31/08/2022,67.0,66.3,66.7,67.0,1131600
30/08/2022,66.9,66.0,66.9,66.7,1208200
29/08/2022,66.7,65.0,66.5,66.7,1280900
26/08/2022,67.0,66.6,66.9,66.9,1206500
25/08/2022,67.2,66.7,66.9,67.0,1197800
24/08/2022,67.3,66.2,66.5,67.0,1155900
23/08/2022,67.0,62.9,67.0,67.0,1047700
22/08/2022,68.0,65.8,68.0,67.0,975300
19/08/2022,68.0,67.3,68.0,67.5,919100
18/08/2022,68.1,67.6,68.1,68.0,852600
17/08/2022,68.7,67.8,68.7,68.1,1067500
16/08/2022,68.5,67.4,68.0,68.5,934600
15/08/2022,68.3,66.6,68.3,68.0,1155100
12/08/2022,68.2,67.6,68.0,68.0,1251700
11/08/2022,69.1,67.6,68.5,68.2,1385600
10/08/2022,68.5,68.0,68.5,68.5,836500
09/08/2022,70.0,68.2,69.8,68.5,1049000
08/08/2022,68.6,67.8,68.5,68.5,968500
05/08/2022,68.9,68.2,68.8,68.5,1182700
04/08/2022,69.5,68.1,69.1,68.5,1295200
03/08/2022,69.9,68.6,69.3,69.0,889900
02/08/2022,70.3,68.3,70.3,69.0,1279500
01/08/2022,71.7,68.0,70.7,70.0,1745100
29/07/2022,70.5,69.6,69.9,70.5,1577100
28/07/2022,69.2,65.5,65.8,69.0,1517100
27/07/2022,65.8,64.0,65.1,65.4,1227900
26/07/2022,65.3,64.3,64.9,64.7,1388100
25/07/2022,65.8,64.4,65.7,64.6,1119900
22/07/2022,64.8,62.2,62.4,64.2,1589600
21/07/2022,62.0,61.4,61.8,62.0,1439600
20/07/2022,61.8,60.9,60.9,61.4,979800
19/07/2022,61.5,60.4,61.5,61.3,1190500
18/07/2022,62.5,60.9,61.6,61.3,1174700
15/07/2022,62.5,61.2,62.5,61.5,1505600
14/07/2022,61.4,58.9,58.9,61.4,1102000
13/07/2022,58.9,58.4,58.7,58.9,857300
12/07/2022,58.9,58.0,58.8,58.7,988000
11/07/2022,59.3,58.1,59.3,58.8,851800
08/07/2022,60.0,58.2,59.0,58.9,905100
07/07/2022,58.9,56.3,58.4,58.9,1043700
06/07/2022,61.5,58.5,60.8,58.5,1050300
05/07/2022,63.9,60.0,62.6,61.5,1037400
04/07/2022,64.9,62.5,64.3,63.7,909200
01/07/2022,65.4,63.4,64.0,64.9,1003500
30/06/2022,67.1,63.6,67.1,64.9,998200
29/06/2022,68.2,65.0,66.0,66.0,866900
28/06/2022,65.5,64.0,64.2,65.0,1050200
27/06/2022,64.7,61.2,62.0,63.7,1029100
24/06/2022,62.0,59.5,59.5,61.7,1126900
23/06/2022,62.2,60.3,60.3,61.8,1149500
22/06/2022,62.9,60.0,61.3,61.8,1251000
21/06/2022,63.3,60.0,63.3,61.4,1325900
20/06/2022,63.7,62.3,63.0,62.9,1085800
17/06/2022,64.5,62.5,63.4,63.0,1316000
16/06/2022,63.9,61.8,61.8,63.5,1223200
15/06/2022,64.2,60.6,64.0,62.5,1101200
14/06/2022,62.5,58.9,58.9,62.5,1169800
13/06/2022,64.5,59.6,62.3,61.2,1542200
10/06/2022,65.7,61.1,65.4,64.0,1482900
09/06/2022,65.9,64.9,65.8,65.4,1112200
08/06/2022,65.0,63.0,63.8,65.0,1310900
07/06/2022,64.0,62.8,63.5,63.5,1279400
06/06/2022,65.0,63.5,65.0,63.5,1037400
03/06/2022,63.5,62.1,62.7,63.5,1157700
02/06/2022,63.4,61.8,62.7,62.5,1396400
01/06/2022,64.2,62.6,63.8,62.7,1546800
31/05/2022,62.4,59.0,61.0,62.4,1909500
30/05/2022,58.4,54.2,54.9,58.4,2424400
27/05/2022,55.0,54.3,54.6,54.6,1795500
26/05/2022,56.0,54.3,55.5,54.6,1306800
25/05/2022,55.3,54.1,54.9,54.6,2743600
24/05/2022,53.4,50.6,50.7,53.2,1650600
23/05/2022,50.9,49.8,50.0,50.3,1122800
20/05/2022,50.1,49.8,50.0,50.0,913300
19/05/2022,50.0,49.7,50.0,50.0,1067100
18/05/2022,50.4,49.7,49.95,50.2,1092900
17/05/2022,50.1,49.25,49.6,50.1,1019300
16/05/2022,50.1,49.2,50.0,49.8,1185900
13/05/2022,50.6,49.65,50.6,50.0,1285100
12/05/2022,51.2,49.9,50.7,50.8,1357500
11/05/2022,51.0,49.6,50.2,51.0,1319700
10/05/2022,50.0,49.2,50.0,50.0,1277600
09/05/2022,51.3,49.6,51.3,50.7,1100300
06/05/2022,51.4,50.2,50.5,51.3,1752000
05/05/2022,51.9,50.9,51.8,51.6,1427400
04/05/2022,51.9,50.0,51.9,51.9,1495800
29/04/2022,52.0,51.4,51.9,51.9,1405100
28/04/2022,52.1,51.0,52.0,52.0,1480200
27/04/2022,52.0,50.5,51.0,52.0,1138300
26/04/2022,51.5,49.0,51.2,51.5,1141600
25/04/2022,52.0,50.3,51.9,51.3,1822600
22/04/2022,52.3,51.2,51.7,51.9,1285700
21/04/2022,52.4,51.4,52.0,52.0,1367700
20/04/2022,52.5,51.7,51.9,52.5,1448600
19/04/2022,52.7,51.7,52.7,52.5,1627200
18/04/2022,53.8,52.6,53.4,53.0,1896800
15/04/2022,53.5,52.7,53.0,53.5,2309000
14/04/2022,53.2,52.5,53.1,52.9,2159200
13/04/2022,53.4,52.4,53.4,53.0,2252400
12/04/2022,53.7,52.6,53.7,53.5,1447600
08/04/2022,53.9,53.2,53.8,53.5,1485900
07/04/2022,54.0,53.3,54.0,53.9,1689000
06/04/2022,54.2,53.6,54.1,54.1,1462700
05/04/2022,54.3,53.9,54.3,54.2,1877600
04/04/2022,54.4,53.6,53.7,54.4,2004100
01/04/2022,53.8,53.3,53.8,53.8,1846600
31/03/2022,53.8,53.3,53.7,53.8,1812400
30/03/2022,53.9,53.2,53.9,53.7,1914800
29/03/2022,53.8,53.5,53.7,53.8,2154700
28/03/2022,53.9,53.4,53.7,53.7,2025700
25/03/2022,54.0,53.5,54.0,53.9,2661400
24/03/2022,54.0,53.3,54.0,54.0,2841800
23/03/2022,54.3,53.0,53.9,53.9,2770000
22/03/2022,54.6,53.7,54.0,54.2,2878300
21/03/2022,54.5,53.5,53.5,54.5,2915900
18/03/2022,54.0,52.5,54.0,52.5,2990400
17/03/2022,54.3,53.8,54.0,54.0,2443200
16/03/2022,54.4,53.7,54.3,54.2,2574900
15/03/2022,54.3,53.6,54.2,54.3,2608000
14/03/2022,54.4,53.6,54.1,54.4,2540000
11/03/2022,54.6,53.9,54.4,54.4,2982400
10/03/2022,54.9,54.0,54.0,54.5,3120900
09/03/2022,55.0,53.0,53.9,55.0,2784400
08/03/2022,53.8,53.3,53.8,53.8,2615300
07/03/2022,54.0,53.5,53.9,53.8,2785400
04/03/2022,54.0,53.6,54.0,54.0,2470800
03/03/2022,54.0,53.6,53.9,54.0,2442200
02/03/2022,53.9,53.2,53.2,53.9,2943600
01/03/2022,54.3,53.1,53.8,54.0,2048800
28/02/2022,54.3,53.8,54.0,54.0,2178000
25/02/2022,54.6,54.0,54.5,54.4,2507200
24/02/2022,54.9,53.9,54.8,54.8,2253000
23/02/2022,55.0,53.8,54.4,55.0,2404900
22/02/2022,54.6,53.6,54.6,54.4,2081800
21/02/2022,54.8,54.0,54.7,54.7,2481200
18/02/2022,54.8,54.0,54.7,54.7,2437200
17/02/2022,54.8,54.0,54.6,54.8,2840300
16/02/2022,54.9,54.0,54.8,54.7,1555300
15/02/2022,54.9,54.0,54.7,54.7,2201000
14/02/2022,55.0,53.8,55.0,54.7,2131900
11/02/2022,55.0,53.7,53.9,55.0,2112900
10/02/2022,54.0,53.7,54.0,54.0,1986900
09/02/2022,54.5,53.7,54.5,54.0,1762000
08/02/2022,54.8,53.6,54.3,54.0,2368700
07/02/2022,54.5,53.5,54.0,54.1,2090800
28/01/2022,54.0,53.7,54.0,54.0,1574000
27/01/2022,54.0,53.6,53.9,54.0,1606000
26/01/2022,54.0,53.4,53.9,53.8,2137100
25/01/2022,53.9,53.2,53.6,53.8,2005100
24/01/2022,54.0,53.2,54.0,53.6,2122300
21/01/2022,54.8,51.8,51.8,54.0,2082000
20/01/2022,55.0,53.3,53.3,53.7,2311800
19/01/2022,53.2,52.6,53.1,52.8,1490000
18/01/2022,53.3,52.6,53.2,53.1,2095000
17/01/2022,53.5,51.5,53.5,53.3,1803000
14/01/2022,53.4,52.4,53.2,53.4,2047900
13/01/2022,53.6,51.7,51.7,53.2,2275000
12/01/2022,53.9,52.9,53.6,53.2,1569100
11/01/2022,53.8,53.0,53.7,53.5,1540600
10/01/2022,54.0,52.9,53.7,53.8,2293000
07/01/2022,53.8,53.0,53.6,53.8,1609000
06/01/2022,53.7,53.1,53.5,53.7,1863000
05/01/2022,54.0,53.4,54.0,53.9,2424000
04/01/2022,54.2,53.2,53.9,54.0,2340200
31/12/2021,54.2,53.2,53.8,54.0,1665300
30/12/2021,54.4,53.0,54.0,54.0,1931900
29/12/2021,54.5,53.6,53.7,54.5,2330900
28/12/2021,54.6,53.6,54.4,54.5,1498200
27/12/2021,54.9,54.0,54.9,54.6,1610900
24/12/2021,54.9,54.0,54.7,54.8,1566500
23/12/2021,55.0,53.5,54.9,54.8,1096300
22/12/2021,55.4,54.6,55.4,55.0,1845200
21/12/2021,55.5,54.9,54.9,55.3,2501400
20/12/2021,55.9,54.9,55.4,55.5,3109200
17/12/2021,55.9,55.1,55.5,55.5,1665500
16/12/2021,56.0,55.2,55.9,55.9,2278000
15/12/2021,56.2,55.3,56.2,56.0,2116200
14/12/2021,56.3,54.5,54.5,56.1,3251900
13/12/2021,56.3,55.4,56.0,56.0,2874000
10/12/2021,57.0,55.5,56.6,55.5,2812400
09/12/2021,56.9,56.0,56.5,56.6,2583000
08/12/2021,56.5,55.3,56.4,56.5,3293900
07/12/2021,56.8,55.4,56.5,56.2,3229900
06/12/2021,57.2,53.5,55.8,56.3,2252900
03/12/2021,57.0,55.4,56.9,56.2,1933800
02/12/2021,57.5,56.3,56.6,56.9,2420400
01/12/2021,58.0,56.1,57.9,57.5,2930300
30/11/2021,60.0,51.1,60.0,58.2,3078700
29/11/2021,62.0,60.5,60.5,62.0,3157300
26/11/2021,63.3,60.9,61.2,62.0,3239800
25/11/2021,61.0,59.9,60.3,61.0,3518600
24/11/2021,60.0,59.4,59.8,60.0,2570200
23/11/2021,60.4,59.5,60.3,59.9,2500300
22/11/2021,61.8,59.1,59.1,59.6,2554600
19/11/2021,59.9,57.9,58.3,59.0,1983800
18/11/2021,58.5,57.7,58.3,58.0,1195300
17/11/2021,58.8,57.9,58.6,58.5,1752800
16/11/2021,58.8,57.8,58.3,58.8,1850500
15/11/2021,59.0,58.2,59.0,58.8,1967300
12/11/2021,59.0,58.1,58.2,59.0,1905600
11/11/2021,59.0,58.2,58.6,58.7,1811200
10/11/2021,59.1,58.4,59.0,59.0,1705100
09/11/2021,59.2,58.1,59.2,59.1,1923200
08/11/2021,59.5,58.3,59.5,59.5,1979600
05/11/2021,59.7,58.5,59.1,59.7,1885700
04/11/2021,59.8,58.5,59.8,59.1,2048000
03/11/2021,59.8,58.4,59.6,59.8,2035000
02/11/2021,59.9,58.0,59.9,59.7,2521900
01/11/2021,60.0,57.8,58.0,60.0,2405000
29/10/2021,58.0,57.7,57.9,57.9,1134400
28/10/2021,57.9,57.4,57.8,57.9,1850100
27/10/2021,57.9,57.0,57.0,57.8,1887700
26/10/2021,57.6,57.0,57.5,57.6,1737000
25/10/2021,57.7,56.8,57.7,57.5,1493300
22/10/2021,58.0,57.2,57.9,57.5,1091900
21/10/2021,58.0,57.3,58.0,57.9,1000300
20/10/2021,58.0,57.5,57.8,58.0,893600
19/10/2021,57.9,56.7,57.7,57.7,1732400
18/10/2021,58.0,57.2,57.9,57.7,1161000
15/10/2021,58.0,57.4,58.0,58.0,1056400
14/10/2021,58.0,57.6,57.7,58.0,2200100
13/10/2021,58.0,57.5,57.9,58.0,1510900
12/10/2021,58.0,57.2,57.6,58.0,1858400
11/10/2021,57.9,56.6,57.8,57.7,1143000
08/10/2021,57.9,56.9,57.0,57.9,1153500
07/10/2021,58.0,56.6,57.3,57.6,1323800
06/10/2021,57.8,56.1,57.4,57.5,1179100
05/10/2021,58.2,56.1,58.0,57.5,1278700
04/10/2021,58.3,57.2,58.0,58.0,1036400
01/10/2021,58.5,57.7,58.2,58.0,1098200
30/09/2021,58.3,57.5,58.0,58.3,1066400
29/09/2021,58.3,57.4,58.0,58.3,1066000
28/09/2021,58.4,57.1,57.9,58.3,1050100
27/09/2021,59.0,57.4,59.0,58.3,1115200
24/09/2021,58.8,58.0,58.6,58.7,1155000
23/09/2021,59.4,58.0,58.1,58.2,2882000
22/09/2021,59.4,58.7,59.3,59.0,2767400
21/09/2021,59.5,58.6,59.5,59.4,2425500
20/09/2021,59.5,58.8,59.5,59.5,2746700
17/09/2021,59.5,58.6,59.5,59.5,4336600
16/09/2021,59.5,58.9,59.5,59.5,2029500
15/09/2021,59.6,59.0,59.5,59.6,2324300
14/09/2021,60.1,59.2,59.8,59.5,1674000
13/09/2021,59.9,59.3,59.5,59.8,2713900
10/09/2021,59.9,59.1,59.5,59.7,1930300
09/09/2021,59.9,59.1,59.5,59.5,1608000
08/09/2021,59.9,59.0,59.2,59.7,1752400
07/09/2021,60.1,59.3,59.8,59.7,1509800
06/09/2021,60.0,59.3,59.9,60.0,2281200
01/09/2021,60.4,59.4,60.0,59.9,3098700
31/08/2021,60.0,59.1,59.7,60.0,2562700
30/08/2021,60.0,59.1,59.7,59.9,2329000
27/08/2021,60.2,59.1,60.0,59.9,2216100
26/08/2021,60.5,59.5,60.0,60.1,1864900
25/08/2021,60.4,58.0,59.2,59.7,2277800
24/08/2021,59.5,57.8,59.0,59.3,2438700
23/08/2021,60.0,57.1,59.6,59.5,1632900
20/08/2021,60.5,59.3,60.5,60.3,1587700
19/08/2021,60.7,60.1,60.7,60.4,2183300
18/08/2021,60.8,60.2,60.8,60.5,2588100
17/08/2021,61.0,60.2,61.0,60.5,2191500
16/08/2021,61.9,60.0,61.0,61.0,2278400
13/08/2021,61.3,59.3,61.0,61.3,2664900
12/08/2021,61.5,59.3,60.7,61.5,1921700
11/08/2021,61.0,58.9,61.0,60.8,2724600
10/08/2021,61.5,60.2,61.4,61.1,2528400
09/08/2021,61.9,61.0,61.5,61.5,2080300
06/08/2021,62.0,61.0,61.9,61.9,2116800
05/08/2021,61.8,61.0,61.7,61.8,1671500
04/08/2021,62.4,61.0,62.0,61.9,1735700
03/08/2021,62.8,61.6,62.0,62.0,2195600
02/08/2021,62.8,61.5,62.4,62.2,2245800
30/07/2021,63.5,62.0,62.1,62.4,1757500
29/07/2021,64.0,62.0,64.0,62.3,2329000
28/07/2021,64.8,60.5,60.9,62.0,2325400
27/07/2021,61.0,60.5,61.0,60.9,2659900
26/07/2021,61.2,60.5,61.0,61.2,1967100
23/07/2021,61.0,60.5,61.0,61.0,1509500
22/07/2021,61.0,60.6,61.0,61.0,2400200
21/07/2021,61.2,60.7,61.2,61.0,2047900
20/07/2021,61.2,60.5,61.0,61.0,2171500
19/07/2021,61.5,60.0,60.9,61.0,1855000
16/07/2021,61.5,60.3,61.5,61.0,1975000
15/07/2021,61.0,60.1,61.0,61.0,1055000
14/07/2021,61.9,60.0,60.9,60.8,1791000
13/07/2021,61.0,59.6,61.0,60.9,2366000
12/07/2021,61.2,58.8,61.1,61.0,1040100
09/07/2021,62.0,60.5,61.4,61.0,1686200
08/07/2021,62.0,58.1,61.5,61.5,1669500
07/07/2021,61.5,60.4,61.0,61.2,1704800
06/07/2021,61.6,60.7,61.5,61.0,1523900
05/07/2021,61.7,60.6,61.7,61.6,1728000
02/07/2021,61.9,61.0,61.3,61.8,1769900
01/07/2021,62.0,61.0,62.0,62.0,1637000
30/06/2021,61.9,60.4,61.9,61.8,1479000
29/06/2021,61.9,60.8,61.9,61.6,1194000
28/06/2021,63.5,61.0,63.0,61.5,1164400
25/06/2021,61.0,59.8,61.0,60.5,1677000
24/06/2021,61.8,59.8,61.8,60.5,1107300
23/06/2021,60.6,59.7,60.5,60.4,918000
22/06/2021,61.0,59.1,60.0,60.2,1638500
21/06/2021,60.0,59.0,60.0,59.9,1920700
18/06/2021,60.0,58.6,60.0,60.0,1320000
17/06/2021,60.0,57.2,60.0,59.9,1571000
16/06/2021,60.4,59.2,60.0,59.9,980800
15/06/2021,60.5,59.2,60.5,59.9,3458100
14/06/2021,59.0,57.9,58.5,58.9,2795000
11/06/2021,58.6,57.3,58.6,58.2,1315300
10/06/2021,58.6,57.0,58.6,58.1,1186000
09/06/2021,58.7,57.6,58.5,58.3,1348900
08/06/2021,58.6,57.3,58.6,58.3,1420000
07/06/2021,59.4,57.3,59.4,58.6,1791000
04/06/2021,58.5,56.7,57.5,58.5,1460500
03/06/2021,58.0,56.0,58.0,57.5,1309100
02/06/2021,57.0,54.7,56.3,57.0,1132600
01/06/2021,56.5,53.0,56.5,55.3,919900
31/05/2021,56.6,55.0,56.6,56.5,1078300
28/05/2021,56.8,55.0,56.8,56.6,1127100
27/05/2021,57.0,54.0,56.8,56.8,1007500
26/05/2021,57.6,53.0,57.6,57.0,1501000
25/05/2021,57.5,54.8,57.5,56.8,1402400
24/05/2021,54.7,50.6,51.5,54.7,2402200
21/05/2021,51.2,50.6,51.0,51.2,1095100
20/05/2021,51.2,50.3,51.0,51.1,1279400
19/05/2021,51.3,50.3,51.0,51.0,1345000
18/05/2021,51.1,50.2,51.0,51.0,1100100
17/05/2021,51.4,49.55,51.4,51.0,1429000
14/05/2021,51.2,50.5,51.2,51.1,1181300
13/05/2021,51.4,50.6,51.4,51.2,1235300
12/05/2021,51.3,50.5,51.1,51.2,990400
11/05/2021,51.1,50.1,51.1,51.1,1286900
10/05/2021,51.8,50.6,51.8,51.1,1010200
07/05/2021,51.2,50.5,51.2,51.0,1660000
06/05/2021,51.7,50.2,51.2,51.2,984700
05/05/2021,51.4,50.8,51.3,51.2,1359700
04/05/2021,51.3,50.2,51.3,51.1,736300
29/04/2021,51.3,50.1,51.0,51.2,1395800
28/04/2021,51.4,50.1,51.2,51.0,1350200
27/04/2021,51.6,50.4,51.6,51.2,1137300
26/04/2021,51.9,51.0,51.9,51.6,937700
23/04/2021,52.0,49.0,51.4,51.8,1444800
22/04/2021,52.0,50.3,52.0,51.4,770600
20/04/2021,52.3,50.5,52.1,52.0,1577100
19/04/2021,52.5,51.2,52.5,52.1,1144400
16/04/2021,52.5,48.65,52.5,52.2,996600
15/04/2021,52.9,51.7,52.8,52.3,863500
14/04/2021,52.6,51.3,52.5,52.6,1246800
13/04/2021,52.8,51.5,52.8,52.5,1255400
12/04/2021,52.9,49.2,52.9,52.7,1400900
09/04/2021,53.0,52.0,53.0,52.8,1203000
08/04/2021,53.2,52.0,52.9,52.8,673900
07/04/2021,53.4,52.0,53.4,52.9,969900
06/04/2021,53.0,52.4,52.8,52.9,768400
05/04/2021,53.0,52.5,53.0,52.8,744600
02/04/2021,53.9,52.0,53.9,52.8,1117400
01/04/2021,52.7,51.1,52.7,52.5,906900
31/03/2021,53.1,51.6,53.1,52.5,970500
30/03/2021,53.9,52.7,53.8,53.0,1222000
29/03/2021,53.5,50.5,51.3,53.0,2477900
26/03/2021,51.2,47.45,51.0,51.2,1807100
25/03/2021,51.7,49.6,51.6,51.0,1571800
24/03/2021,51.8,49.5,51.8,51.4,973500
23/03/2021,52.0,51.0,52.0,51.8,1082600
22/03/2021,52.4,50.3,50.7,52.0,2116500
19/03/2021,50.7,50.1,50.6,50.6,819200
18/03/2021,50.8,50.2,50.8,50.5,1046700
17/03/2021,50.9,50.1,50.8,50.5,1360700
16/03/2021,51.0,50.0,51.0,50.8,1097500
15/03/2021,51.3,50.1,51.0,50.9,1316600
12/03/2021,51.0,49.4,50.9,51.0,1266800
11/03/2021,51.0,50.2,50.9,50.9,1489600
10/03/2021,50.9,50.1,50.9,50.8,1317200
09/03/2021,51.0,50.2,51.0,50.7,1131400
08/03/2021,51.1,50.0,50.0,51.0,2666700
05/03/2021,49.05,48.0,48.8,49.05,1495000
04/03/2021,49.3,47.2,49.0,49.0,776600
03/03/2021,49.0,45.5,49.0,48.9,759100
02/03/2021,50.0,48.5,48.9,48.9,1086600
01/03/2021,48.85,48.3,48.5,48.7,1428300
26/02/2021,48.45,47.0,48.0,48.2,782300
25/02/2021,48.8,47.1,48.8,48.0,898900
24/02/2021,48.8,46.75,48.4,48.0,959800
23/02/2021,49.35,47.9,49.0,48.4,850800
22/02/2021,48.65,46.65,47.5,48.3,1504700
19/02/2021,45.5,44.2,44.8,45.5,615800
18/02/2021,45.3,44.5,45.1,44.8,1260900
17/02/2021,44.6,42.5,42.8,44.5,1759800
09/02/2021,42.0,41.3,41.5,41.7,847400
08/02/2021,42.5,40.25,40.8,40.8,975800
05/02/2021,40.5,39.6,40.2,40.0,506000
04/02/2021,41.0,39.8,40.9,40.0,660400
03/02/2021,40.0,38.65,39.5,40.0,1126900
02/02/2021,40.0,37.15,38.5,39.15,1773100
01/02/2021,39.2,36.7,39.2,38.5,1283600
29/01/2021,40.0,36.5,36.5,39.2,777700
28/01/2021,41.0,38.8,39.0,38.8,939100
27/01/2021,42.4,39.5,42.4,41.7,914100
26/01/2021,43.2,40.5,40.5,42.4,1108300
25/01/2021,44.1,43.0,43.4,43.4,1265100
22/01/2021,44.0,41.6,41.6,43.0,1381800
21/01/2021,41.6,39.0,39.0,41.6,3487100
20/01/2021,39.2,37.5,39.1,38.9,517600
19/01/2021,39.3,37.1,39.3,39.0,566000
18/01/2021,39.35,39.0,39.3,39.3,1007000
15/01/2021,39.4,39.0,39.3,39.3,913000
14/01/2021,39.45,39.0,39.3,39.3,1145800
13/01/2021,39.45,38.5,38.8,39.3,1021700
12/01/2021,39.85,39.0,39.5,39.3,1115200
11/01/2021,39.9,39.0,39.9,39.5,1178400
08/01/2021,39.9,38.95,39.05,39.5,1633300
07/01/2021,39.5,37.3,37.6,39.05,1237900
06/01/2021,37.35,37.0,37.1,37.1,526600
05/01/2021,37.4,36.95,37.3,37.05,468600
04/01/2021,37.35,36.9,37.0,37.05,488200
31/12/2020,37.2,36.7,37.0,37.0,461070
29/12/2020,37.3,36.9,37.0,37.0,485980
28/12/2020,37.5,36.85,37.0,37.0,580730
25/12/2020,37.45,36.75,37.45,37.2,667320
24/12/2020,37.45,35.0,37.3,37.0,494890
23/12/2020,38.0,36.9,38.0,37.35,882810
22/12/2020,38.4,37.3,38.4,37.6,621830
21/12/2020,38.65,37.95,38.4,38.4,640860
18/12/2020,38.7,38.3,38.35,38.4,623490
17/12/2020,38.4,37.7,37.7,38.1,631700
16/12/2020,38.6,37.8,38.5,38.35,717250
15/12/2020,38.65,38.0,38.6,38.4,551790
14/12/2020,38.75,38.3,38.4,38.6,677070
11/12/2020,38.5,38.0,38.4,38.4,435710
10/12/2020,38.9,38.0,38.75,38.4,596290
09/12/2020,39.0,37.6,38.0,38.7,999720
08/12/2020,38.5,38.05,38.5,38.2,985620
07/12/2020,38.7,38.05,38.3,38.3,1030400
04/12/2020,38.1,36.05,36.05,38.0,1972730
03/12/2020,35.9,35.7,35.8,35.9,1027290
02/12/2020,35.9,35.5,35.8,35.8,459450
01/12/2020,35.95,35.4,35.95,35.8,409090
30/11/2020,35.95,35.3,35.85,35.95,535140
27/11/2020,36.0,35.6,35.9,35.85,491280
26/11/2020,36.1,35.8,36.1,35.85,392730
25/11/2020,36.2,35.8,36.0,36.0,455210
24/11/2020,36.3,35.75,36.0,35.95,516940
23/11/2020,36.1,35.6,35.6,35.8,408610
20/11/2020,35.9,35.4,35.6,35.8,432320
19/11/2020,36.05,35.15,35.7,35.6,500910
18/11/2020,36.2,35.5,35.55,35.7,461100
17/11/2020,36.5,35.5,36.3,35.5,454790
16/11/2020,36.9,36.15,36.35,36.15,392220
13/11/2020,36.4,36.25,36.35,36.35,432130
12/11/2020,36.5,36.0,36.5,36.3,566650
11/11/2020,36.95,36.45,36.6,36.5,855960
10/11/2020,36.65,36.3,36.3,36.5,967930
09/11/2020,36.4,35.8,36.0,36.25,410180
06/11/2020,36.0,35.6,35.8,35.8,353750
05/11/2020,35.5,35.0,35.0,35.5,429480
04/11/2020,35.0,34.3,34.8,35.0,386020
03/11/2020,35.0,34.0,34.5,34.5,360900
02/11/2020,35.1,34.2,34.6,34.45,352870
30/10/2020,35.0,34.1,34.4,34.4,367340
29/10/2020,34.35,33.8,34.3,34.35,502830
28/10/2020,35.25,34.2,34.4,34.5,496090
27/10/2020,35.65,34.9,35.4,35.2,448240
26/10/2020,35.9,35.2,35.8,35.4,590070
23/10/2020,35.95,35.35,35.6,35.6,432090
22/10/2020,36.05,35.5,35.75,35.6,394050
21/10/2020,36.15,35.45,35.7,35.75,371550
20/10/2020,36.2,35.45,35.85,35.7,385250
19/10/2020,36.3,35.35,36.0,35.8,629300
16/10/2020,36.5,35.0,36.2,35.9,560670
15/10/2020,36.45,35.7,35.9,36.1,505060
14/10/2020,35.5,34.3,35.45,35.5,1062990
13/10/2020,35.95,35.2,35.85,35.45,530620
12/10/2020,36.45,35.55,36.4,35.85,642340
09/10/2020,36.5,36.0,36.5,36.15,404450
08/10/2020,36.7,36.05,36.3,36.15,657980
07/10/2020,36.85,36.05,36.75,36.05,736740
06/10/2020,37.0,36.5,36.85,36.75,471320
05/10/2020,37.3,36.5,37.3,36.75,413610
02/10/2020,36.95,36.0,36.85,36.7,597070
01/10/2020,36.7,36.3,36.6,36.7,537090
30/09/2020,36.95,36.2,36.5,36.5,602870
29/09/2020,37.4,36.25,37.0,36.5,697070
28/09/2020,37.5,34.7,37.5,37.0,1314730
25/09/2020,37.85,37.0,37.7,37.25,977030
24/09/2020,37.45,36.8,37.2,37.15,557540
23/09/2020,37.4,36.6,36.7,37.2,1273780
22/09/2020,36.75,36.2,36.3,36.7,1096240
21/09/2020,36.8,36.35,36.6,36.7,1255330
18/09/2020,37.2,36.35,37.0,36.65,1183770
17/09/2020,36.95,35.5,35.5,36.65,1495630
16/09/2020,35.5,35.25,35.35,35.5,655480
15/09/2020,35.8,35.1,35.4,35.35,566360
14/09/2020,36.1,35.0,35.7,35.3,781630
11/09/2020,35.9,35.3,35.8,35.3,416750
10/09/2020,36.2,35.7,36.0,35.8,842570
09/09/2020,35.9,34.7,34.9,35.7,1341780
08/09/2020,35.1,34.6,34.6,34.9,539460
07/09/2020,35.25,34.45,34.5,34.5,798740
04/09/2020,35.2,34.5,35.0,34.5,784540
03/09/2020,35.45,34.95,35.3,35.2,650740
01/09/2020,35.5,33.8,35.5,35.45,771110
31/08/2020,36.0,34.9,36.0,35.5,751380
28/08/2020,36.2,35.1,36.0,36.0,1032580
27/08/2020,36.8,35.6,35.6,36.0,950620
26/08/2020,37.6,36.7,36.8,36.8,858760
25/08/2020,37.9,35.9,36.2,36.7,1219270
24/08/2020,37.1,36.5,36.9,36.55,1219570
21/08/2020,36.55,35.5,35.5,36.25,1254780
20/08/2020,35.2,33.55,33.65,35.1,1826150
19/08/2020,33.65,33.25,33.3,33.5,398390
18/08/2020,33.75,33.0,33.5,33.5,240280
17/08/2020,33.2,31.9,33.2,33.2,275860
14/08/2020,33.6,32.3,33.6,32.5,824410
13/08/2020,33.9,33.15,33.6,33.6,686740
12/08/2020,33.9,33.1,33.4,33.6,672780
11/08/2020,34.5,32.8,34.1,33.8,1026650
10/08/2020,35.0,33.85,33.95,34.1,1555440
07/08/2020,33.95,33.0,33.9,33.35,462400
06/08/2020,33.7,31.75,31.8,33.4,969500
05/08/2020,31.95,31.5,31.7,31.75,510710
04/08/2020,31.75,31.1,31.1,31.7,504240
03/08/2020,31.1,29.6,29.95,31.1,595750
31/07/2020,29.95,29.1,29.9,29.95,405020
30/07/2020,30.0,29.7,29.9,29.95,260200
29/07/2020,29.9,28.3,29.4,29.9,402930
28/07/2020,30.0,28.9,29.5,29.9,386350
27/07/2020,30.0,28.5,28.7,29.4,506850
24/07/2020,31.6,29.1,31.6,30.5,853520
23/07/2020,31.5,30.9,31.2,31.25,456840
22/07/2020,31.6,30.5,31.5,31.2,423540
21/07/2020,31.3,30.35,31.3,31.2,523000
20/07/2020,31.8,30.85,31.2,31.2,381500
17/07/2020,32.0,31.45,31.55,31.5,481670
16/07/2020,32.0,30.3,30.5,31.55,1106930
15/07/2020,30.65,30.1,30.6,30.25,259800
14/07/2020,30.6,29.1,30.6,30.25,347480
13/07/2020,31.0,30.2,30.6,30.4,338040
10/07/2020,30.9,30.3,30.7,30.4,498030
09/07/2020,30.65,29.0,29.0,30.5,1651750
08/07/2020,29.1,28.7,28.8,29.0,209240
07/07/2020,29.2,28.7,29.0,29.0,615200
06/07/2020,29.2,28.8,28.9,29.0,600470
03/07/2020,29.2,28.5,29.0,28.9,485210
02/07/2020,29.2,28.65,29.0,28.9,152160
01/07/2020,28.65,28.0,28.4,28.65,307830
30/06/2020,28.85,27.8,28.7,28.4,255330
29/06/2020,28.5,27.0,28.3,28.5,235450
26/06/2020,29.8,28.2,29.8,29.0,340620
25/06/2020,29.8,29.0,29.0,29.5,238070
24/06/2020,30.1,29.3,29.45,29.8,234670
23/06/2020,30.15,29.75,30.15,30.0,276560
22/06/2020,30.45,29.8,30.45,30.15,315750
19/06/2020,30.2,29.7,29.7,30.1,290430
18/06/2020,30.0,29.7,30.0,30.0,259490
17/06/2020,29.9,29.55,29.65,29.9,255380
16/06/2020,30.2,29.1,30.2,29.65,217500
15/06/2020,31.6,28.85,31.6,29.2,593930
12/06/2020,31.3,30.05,30.5,31.0,506230
11/06/2020,33.0,31.7,33.0,32.3,1128190
10/06/2020,33.9,32.9,33.85,33.4,644830
09/06/2020,34.3,33.3,33.8,33.65,1237350
08/06/2020,33.8,32.0,33.3,33.6,804970
05/06/2020,33.55,32.5,33.55,33.45,443660
04/06/2020,34.0,33.05,33.2,33.5,461310
03/06/2020,34.2,33.2,33.55,33.55,903020
02/06/2020,33.9,33.0,33.6,33.55,1192950
01/06/2020,34.05,32.3,34.05,33.2,920630
29/05/2020,31.85,29.8,29.9,31.85,455960
28/05/2020,30.0,29.5,29.8,29.8,405650
27/05/2020,31.0,29.15,30.0,29.8,518150
26/05/2020,30.5,29.4,30.0,30.0,291910
25/05/2020,29.5,27.0,28.9,29.2,541810
22/05/2020,30.0,28.3,28.3,29.0,942530
21/05/2020,28.2,27.9,27.9,28.15,928750
20/05/2020,26.4,25.5,25.9,26.4,561850
19/05/2020,24.7,23.9,24.2,24.7,670550
18/05/2020,23.1,21.6,21.6,23.1,434300
15/05/2020,21.9,21.2,21.5,21.6,332350
14/05/2020,21.95,21.1,21.9,21.5,368310
13/05/2020,21.9,20.7,20.75,21.5,383590
12/05/2020,20.75,20.35,20.6,20.75,397560
11/05/2020,20.7,20.3,20.5,20.5,492160
08/05/2020,20.8,20.1,20.4,20.3,573410
07/05/2020,20.85,20.0,20.7,20.35,329610
06/05/2020,19.5,18.4,18.4,19.5,247900
05/05/2020,18.4,17.45,17.7,18.25,365500
04/05/2020,17.5,17.15,17.3,17.5,291670
29/04/2020,17.3,16.8,17.3,17.3,177790
28/04/2020,16.95,16.7,16.95,16.9,185470
27/04/2020,17.1,16.8,17.1,17.0,162670
24/04/2020,17.15,16.6,17.1,17.05,284530
23/04/2020,17.5,16.9,17.15,17.1,331370
22/04/2020,17.0,16.05,16.85,17.0,301040
21/04/2020,17.4,16.2,17.4,16.85,611670
20/04/2020,17.6,17.0,17.5,17.4,512270
17/04/2020,17.4,16.7,17.1,17.4,383150
16/04/2020,17.0,16.3,16.9,17.0,415900
15/04/2020,17.0,16.2,16.2,16.9,401060
14/04/2020,16.1,15.05,15.05,16.1,700080
13/04/2020,15.4,15.0,15.3,15.05,370130
10/04/2020,15.55,15.1,15.5,15.1,365890
09/04/2020,15.75,15.4,15.6,15.5,290740
08/04/2020,15.6,15.1,15.5,15.6,220870
07/04/2020,15.6,15.2,15.5,15.5,582010
06/04/2020,15.0,14.7,15.0,14.9,307700
03/04/2020,14.8,14.1,14.1,14.6,397300
01/04/2020,15.3,14.2,14.5,15.0,208600
31/03/2020,15.95,14.4,15.95,14.4,431940
30/03/2020,15.65,14.7,15.65,15.35,310080
27/03/2020,16.0,15.4,15.6,15.65,218190
26/03/2020,16.0,15.6,16.0,16.0,228490
25/03/2020,16.5,15.35,15.35,16.0,183360
24/03/2020,15.5,15.0,15.2,15.45,156250
23/03/2020,16.2,14.7,16.2,15.45,109020
20/03/2020,16.2,15.55,16.0,15.55,189130
19/03/2020,16.5,15.85,16.5,16.4,78940
18/03/2020,16.5,16.1,16.5,16.5,19090
17/03/2020,16.6,15.8,16.5,16.5,28680
16/03/2020,16.6,15.6,15.6,16.6,173410
13/03/2020,16.7,15.85,16.0,16.6,186820
11/03/2020,17.9,16.9,17.9,17.25,25880
10/03/2020,17.75,17.0,17.2,17.75,82860
09/03/2020,17.9,16.9,17.0,16.9,98360
06/03/2020,18.15,17.85,18.15,18.15,38720
05/03/2020,18.3,18.1,18.2,18.3,28750
04/03/2020,18.2,18.0,18.2,18.2,182220
03/03/2020,18.3,17.9,18.0,18.2,38070
02/03/2020,18.1,17.8,17.8,18.1,21100
28/02/2020,18.35,17.75,17.9,18.1,27530
27/02/2020,18.4,18.0,18.4,18.4,17610
26/02/2020,18.4,18.0,18.4,18.4,75080
25/02/2020,18.4,17.9,18.2,18.4,82740
24/02/2020,18.5,17.9,18.5,18.2,87940
21/02/2020,18.5,18.2,18.2,18.5,30230
20/02/2020,18.55,18.0,18.1,18.3,72610
19/02/2020,18.1,17.8,18.0,17.95,64070
18/02/2020,18.3,18.0,18.0,18.0,71300
17/02/2020,18.15,17.8,18.0,18.0,22360
14/02/2020,18.15,17.95,18.15,18.0,36040
13/02/2020,18.2,17.9,18.2,18.0,45240
12/02/2020,18.4,17.9,18.35,18.15,39820
11/02/2020,18.4,18.0,18.0,18.15,28550
10/02/2020,18.4,17.9,18.4,17.9,15910
07/02/2020,18.5,18.15,18.25,18.4,37640
06/02/2020,18.3,18.0,18.0,18.25,119290
05/02/2020,18.2,17.8,18.2,18.0,120840
04/02/2020,18.6,17.9,18.6,18.2,122860
03/02/2020,18.6,17.6,18.6,18.6,359830
31/01/2020,19.1,18.4,18.45,18.9,39210
30/01/2020,19.15,18.4,19.1,19.15,40880
22/01/2020,19.2,18.7,19.1,19.2,40940
21/01/2020,19.1,18.3,18.3,19.1,41390
20/01/2020,19.15,18.8,19.15,19.1,54720
17/01/2020,19.2,18.8,19.2,19.1,63340
16/01/2020,19.3,18.9,19.0,19.2,48230
15/01/2020,19.3,19.0,19.3,19.1,51970
14/01/2020,19.3,19.0,19.3,19.3,55380
13/01/2020,19.45,19.0,19.45,19.35,49390
10/01/2020,19.3,18.95,19.0,19.3,57670
09/01/2020,19.6,19.0,19.6,19.0,159090
08/01/2020,19.8,19.1,19.8,19.6,112720
07/01/2020,19.9,19.15,19.15,19.8,62040
06/01/2020,19.8,19.1,19.8,19.15,75080
03/01/2020,19.85,19.3,19.6,19.8,65670
02/01/2020,19.6,19.3,19.45,19.6,60080
31/12/2019,19.55,18.9,19.5,19.45,121730
30/12/2019,19.5,18.9,19.3,19.5,180870
27/12/2019,19.5,18.65,19.2,19.3,164220
26/12/2019,19.5,18.8,19.2,19.5,74450
25/12/2019,19.0,18.1,18.5,19.0,59850
24/12/2019,18.7,18.4,18.5,18.5,52570
23/12/2019,18.6,18.0,18.15,18.5,130410
20/12/2019,18.5,18.15,18.45,18.5,105990
19/12/2019,18.6,17.9,18.6,18.5,247190
18/12/2019,18.85,18.55,18.7,18.6,56960
17/12/2019,19.1,18.5,19.0,18.7,110490
16/12/2019,19.1,18.8,19.0,19.1,22430
13/12/2019,19.2,18.9,19.2,19.0,42690
12/12/2019,19.2,19.0,19.0,19.2,27720
11/12/2019,19.3,18.8,19.25,19.0,48120
10/12/2019,19.45,18.8,19.1,19.0,69930
09/12/2019,19.5,19.05,19.25,19.3,29980
06/12/2019,19.25,18.95,19.25,19.25,45890
05/12/2019,19.3,19.0,19.1,19.25,44520
04/12/2019,19.35,18.8,19.1,19.3,42250
03/12/2019,19.4,18.9,19.1,19.3,66580
02/12/2019,19.6,19.2,19.6,19.3,33130
29/11/2019,19.9,19.3,19.9,19.6,38880
28/11/2019,20.65,20.2,20.25,20.2,50190
27/11/2019,20.8,20.25,20.6,20.25,25550
26/11/2019,20.9,20.3,20.3,20.5,5350
25/11/2019,20.5,20.25,20.35,20.25,46500
22/11/2019,21.0,20.5,20.9,20.5,45880
21/11/2019,21.2,20.9,21.15,20.9,47400
20/11/2019,21.35,21.0,21.05,21.15,31180
19/11/2019,20.85,20.4,20.5,20.8,61950
18/11/2019,20.9,20.4,20.9,20.75,90190
15/11/2019,21.25,20.9,21.25,20.9,36920
14/11/2019,21.8,20.9,21.8,21.0,133830
13/11/2019,21.9,21.6,21.7,21.8,45550
12/11/2019,22.2,21.8,22.2,21.8,42330
11/11/2019,22.45,21.85,21.85,22.0,60650
08/11/2019,22.1,21.85,21.85,21.85,46060
07/11/2019,22.1,21.8,22.1,21.85,27150
06/11/2019,22.4,21.9,22.0,22.05,100600
05/11/2019,22.1,21.5,21.55,22.0,86110
04/11/2019,21.8,21.55,21.8,21.6,68780
01/11/2019,21.75,21.25,21.7,21.65,145710
31/10/2019,21.8,21.6,21.75,21.75,75960
30/10/2019,21.95,21.7,21.7,21.75,89430
29/10/2019,22.0,21.6,21.85,21.7,89320
28/10/2019,22.4,21.5,22.2,21.95,268490
25/10/2019,22.4,21.85,22.2,22.0,171570
24/10/2019,22.35,21.9,21.9,22.2,150470
23/10/2019,21.8,21.3,21.3,21.8,83450
22/10/2019,21.9,21.15,21.5,21.45,404030
21/10/2019,22.95,21.55,22.4,21.55,326780
18/10/2019,22.65,22.0,22.65,22.15,120100
17/10/2019,22.7,21.7,21.8,22.65,321070
16/10/2019,21.9,21.1,21.3,21.85,271290
15/10/2019,21.25,20.85,20.9,21.2,148320
14/10/2019,21.7,20.9,21.5,20.9,143030
11/10/2019,21.5,20.75,21.15,21.4,136180
10/10/2019,21.3,20.5,20.5,21.05,165710
09/10/2019,20.7,20.4,20.4,20.5,35570
08/10/2019,20.7,20.4,20.7,20.5,26050
07/10/2019,20.8,20.4,20.7,20.7,32000
04/10/2019,21.3,20.7,21.0,20.7,88250
03/10/2019,20.95,20.35,20.4,20.8,72130
02/10/2019,20.8,20.1,20.1,20.45,142010
01/10/2019,20.8,20.1,20.3,20.1,114370
30/09/2019,20.7,20.3,20.65,20.35,143870
27/09/2019,21.15,20.65,21.05,20.65,142520
26/09/2019,21.4,21.0,21.2,21.05,77370
25/09/2019,21.7,21.1,21.2,21.1,106140
24/09/2019,21.5,20.5,20.5,21.5,141630
23/09/2019,21.0,20.4,20.5,20.55,85300
20/09/2019,20.9,20.4,20.5,20.5,85890
19/09/2019,21.2,20.5,21.0,20.5,51710
18/09/2019,21.9,21.2,21.7,21.2,108380
17/09/2019,21.25,19.8,19.5,21.25,263690
16/09/2019,20.1,19.5,19.5,19.9,92160
13/09/2019,20.1,19.5,19.5,20.0,65560
12/09/2019,20.4,19.45,19.9,19.5,180680
11/09/2019,20.6,19.5,20.5,20.4,115130
10/09/2019,21.2,20.4,20.9,20.5,88340
09/09/2019,21.2,20.5,21.1,20.8,102090
06/09/2019,21.2,20.5,21.1,20.6,60190
05/09/2019,21.7,20.8,20.8,21.2,93940
04/09/2019,21.35,20.2,22.0,21.3,200870
03/09/2019,22.1,20.6,22.0,21.2,345890
30/08/2019,24.1,21.9,23.2,21.9,611910
29/08/2019,22.85,22.7,22.75,22.85,464460
28/08/2019,21.4,20.8,20.8,21.4,305340
27/08/2019,20.0,18.6,18.6,20.0,638600
26/08/2019,18.7,18.1,18.3,18.7,74790
23/08/2019,18.6,18.3,18.5,18.45,81450
22/08/2019,19.05,18.55,18.8,18.55,90690
21/08/2019,19.0,18.75,18.8,18.9,83590
20/08/2019,19.2,18.85,19.0,19.0,62600
19/08/2019,19.45,18.8,19.15,19.0,115070
16/08/2019,19.05,18.3,18.3,18.85,159520
15/08/2019,18.3,18.05,18.1,18.3,18600
14/08/2019,18.5,18.0,18.2,18.4,65810
13/08/2019,18.1,17.75,18.0,18.0,60170
12/08/2019,18.0,17.8,17.8,18.0,37490
09/08/2019,18.0,17.75,17.8,17.8,46490
08/08/2019,18.3,17.7,18.3,17.8,23510
07/08/2019,18.3,17.9,17.6,18.3,43150
06/08/2019,17.9,17.6,17.6,17.9,62130
05/08/2019,18.3,18.0,18.15,18.0,45930
02/08/2019,18.5,18.0,18.5,18.3,81800
01/08/2019,18.7,18.5,18.65,18.5,56860
31/07/2019,18.8,18.65,18.8,18.65,53730
30/07/2019,18.9,18.7,18.9,18.8,68030
29/07/2019,18.9,18.7,18.75,18.8,76830
26/07/2019,19.0,18.7,19.0,18.75,82530
25/07/2019,19.05,18.6,18.85,18.95,90230
24/07/2019,19.2,18.95,19.2,19.0,31680
23/07/2019,19.4,18.9,19.4,19.0,58240
22/07/2019,19.7,19.0,19.2,19.0,348380
19/07/2019,19.0,18.75,19.0,18.75,29550
18/07/2019,19.0,18.8,18.95,19.0,38410
17/07/2019,19.0,18.7,18.9,19.0,104010
16/07/2019,19.0,18.85,19.0,18.85,17030
15/07/2019,19.0,18.75,18.8,19.0,19170
12/07/2019,18.95,18.8,18.8,18.9,29410
11/07/2019,18.9,18.7,18.75,18.9,35470
10/07/2019,18.9,18.6,18.8,18.75,45740
09/07/2019,18.95,18.75,18.9,18.8,14630
08/07/2019,19.0,18.8,19.0,18.95,31160
05/07/2019,19.15,18.9,19.0,19.0,22550
04/07/2019,19.2,18.9,19.1,19.0,13180
03/07/2019,19.1,18.8,19.1,19.0,65130
02/07/2019,19.2,19.0,19.05,19.05,11350
01/07/2019,19.4,19.1,19.2,19.2,15450
28/06/2019,19.4,19.1,19.2,19.2,18850
27/06/2019,19.6,19.1,19.1,19.1,32360
26/06/2019,19.7,19.2,19.5,19.5,97300
25/06/2019,19.0,18.8,18.8,19.0,17740
24/06/2019,18.8,18.6,18.8,18.75,19560
21/06/2019,18.9,18.6,18.9,18.7,21880
20/06/2019,18.95,18.6,18.85,18.9,37370
19/06/2019,19.0,18.9,18.9,18.9,18000
18/06/2019,19.0,18.85,19.0,19.0,16070
17/06/2019,19.35,18.9,19.0,19.0,70090
14/06/2019,19.05,18.9,19.0,19.0,82120
13/06/2019,19.4,19.0,19.0,19.0,117870
12/06/2019,19.05,18.9,18.95,19.0,59680
11/06/2019,19.0,18.9,19.0,18.9,45960
10/06/2019,19.0,18.8,19.0,18.95,46950
07/06/2019,19.0,18.8,19.0,18.8,39080
06/06/2019,19.2,18.8,18.8,19.0,34870
05/06/2019,19.35,18.85,19.05,19.0,62000
04/06/2019,19.5,19.1,19.4,19.1,32610
03/06/2019,19.9,19.4,19.7,19.4,116420
31/05/2019,20.0,19.05,19.1,19.7,88580
30/05/2019,19.25,19.05,19.1,19.05,27580
29/05/2019,19.15,18.7,18.7,19.15,38060
28/05/2019,19.2,18.7,18.9,18.7,35790
27/05/2019,19.3,18.9,19.2,19.1,34540
24/05/2019,19.3,18.95,19.05,19.2,14990
23/05/2019,19.4,18.95,19.4,19.3,66990
22/05/2019,19.4,19.25,19.4,19.4,42050
21/05/2019,19.6,19.3,19.5,19.4,60350
20/05/2019,19.8,19.5,19.75,19.5,97780
17/05/2019,19.75,19.1,19.45,19.75,95570
16/05/2019,20.0,19.5,19.9,19.55,65370
15/05/2019,20.1,19.5,19.6,19.9,38700
14/05/2019,20.0,19.6,19.95,19.6,49480
13/05/2019,20.0,19.65,20.0,19.95,56300
10/05/2019,20.3,19.75,19.75,20.15,11160
09/05/2019,20.3,19.55,20.2,20.15,19610
08/05/2019,20.3,19.55,19.6,20.2,23500
07/05/2019,19.95,19.0,19.0,19.95,59980
06/05/2019,20.25,18.85,20.25,18.85,48370
03/05/2019,20.4,20.15,20.3,20.25,30690
02/05/2019,20.5,20.25,20.5,20.3,12340
26/04/2019,20.6,20.3,20.3,20.4,49010
25/04/2019,20.6,20.3,20.5,20.3,33990
24/04/2019,20.9,20.45,20.7,20.6,42610
23/04/2019,21.0,20.7,21.0,20.7,50620
22/04/2019,21.15,20.75,20.8,20.95,98890
19/04/2019,20.8,20.35,20.8,20.55,5600
18/04/2019,20.9,20.25,20.5,20.4,63150
17/04/2019,21.0,20.3,20.7,20.5,45280
16/04/2019,21.05,20.6,21.05,20.85,28020
12/04/2019,21.25,21.0,21.25,21.05,22410
11/04/2019,21.7,21.15,21.7,21.25,62750
10/04/2019,22.5,21.3,21.6,21.7,40510
09/04/2019,22.2,21.7,21.85,21.7,80880
08/04/2019,22.35,21.8,22.0,21.85,62880
05/04/2019,22.5,22.0,22.45,22.1,72320
04/04/2019,22.6,21.85,22.4,22.15,153510
03/04/2019,22.7,21.95,22.0,22.4,162650
02/04/2019,22.3,21.5,21.8,22.0,174480
01/04/2019,21.8,21.15,21.3,21.5,145100
29/03/2019,21.65,21.0,21.6,21.15,73900
28/03/2019,21.7,21.2,21.3,21.4,9220
27/03/2019,21.3,21.0,21.0,21.3,117500
26/03/2019,21.7,21.1,21.5,21.1,54800
25/03/2019,22.0,21.0,21.9,21.5,6060
22/03/2019,22.85,21.4,22.3,22.0,58610
21/03/2019,22.5,21.5,22.2,21.5,125790
20/03/2019,22.7,22.2,22.7,22.25,29790
19/03/2019,22.9,22.3,22.9,22.5,71000
18/03/2019,23.0,22.5,22.7,22.5,189030
15/03/2019,22.8,22.5,22.7,22.7,77130
14/03/2019,23.2,22.7,22.9,22.7,71180
13/03/2019,23.85,22.8,23.8,23.0,216170
12/03/2019,24.3,23.6,24.0,23.8,124760
11/03/2019,24.45,23.85,23.85,24.0,103380
08/03/2019,24.0,23.6,23.8,23.85,141760
07/03/2019,24.45,23.05,23.05,24.05,157940
06/03/2019,23.0,21.5,21.5,23.0,107400
05/03/2019,21.8,20.55,20.6,21.8,165320
04/03/2019,20.8,20.45,20.6,20.7,30060
